komk,N07015,N00905,N00914,N00920,N00954,N00968,N02937,N02993,N07004,N07805,N07806,N07900,N07908,N07909,N07911,N07910,N07912,U07406,U01803,pt_share,N60404,U85001,U85002,U85420,U85421,U85422,U85427,U85429,Grupp,Huvudgrupp,Kommungrupp,Kommunnamn
114,84.248112,201706,77.556561,66.273255,97.7,37.59752,551.9909442,75.09,1097.348549,7.70214171,0.09434454,89.55353165,17971,25149,2.91925,57241,38,57,17.4,0.121050807110359,354.8179414,3256.113843,27.78216021,54,58,21.55378049,52,117.2016077,A2,A,2,Upplands Väsby
115,69.996204,225066,85.252936,67.85005,82.3,22.976663,88.22413216,358.36,846.533401,26.20330858,2.12807796,48.81956707,17175,24364,29.383856,23382,41,59,12.6,0.127245194134754,354.8179414,3256.113843,27.78216021,54,58,21.55378049,52,117.2016077,A2,A,2,Vallentuna
117,26.793431000000002,220695,83.328837,59.172013,86.8,11.958701,129.62548015,312.4,1263.341153,23.09364471,2.03775657,60.76980382,16449,24883,147.993579,37686,43,55,13.3,0.079481367800851,354.8179414,3256.113843,27.78216021,54,58,21.55378049,52,117.2016077,A2,A,2,Österåker
120,159.058918,225915,84.152068,60.437356,75.7,17.283579,88.79762516,448.03,977.428112,30.97388503,0.81874809,24.53352289,23741,31750,346.7223,43914,38,52,13.9,0.0867509943394117,354.8179414,3256.113843,27.78216021,54,58,21.55378049,52,117.2016077,A2,A,2,Värmdö
123,119.507858,205178,76.259066,65.301996,99.8,31.381097,1285.39304962,53.81,1501.207223,4.84814844,2.30953664,81.5549228,19725,26343,2.342157,NA,38,61,18.3,0.130534583041237,354.8179414,3256.113843,27.78216021,54,58,21.55378049,52,117.2016077,A2,A,2,Järfälla
125,36.463669,233619,84.712056,59.005172,72.9,21.615455,121.0722161,217.68,404.439385,29.65989012,2.07298073,22.17507645,20765,27063,77.859989,36492,43,NA,11.9,0.0838601384247522,354.8179414,3256.113843,27.78216021,54,58,21.55378049,52,117.2016077,A2,A,2,Ekerö
126,253.771074,207412,75.614891,69.00462,99.2,62.944141,782.81810549,131.01,2278.830309,6.27281925,2.46817009,53.91804098,19317,29296,14.957536,43605,36,56,21.9,0.157212666263157,354.8179414,3256.113843,27.78216021,54,58,21.55378049,52,117.2016077,A2,A,2,Huddinge
127,104.510162,176728,67.997958,67.400736,97.4,25.734527,451.04805068,194.17,1149.097968,7.86987013,3.42118497,68.92073652,16347,22200,13.01667,37642,34,52,29.7,0.120792074651162,354.8179414,3256.113843,27.78216021,54,58,21.55378049,52,117.2016077,A2,A,2,Botkyrka
128,184.425973,219036,82.890173,77.545692,98.8,21.723238,295.82177852,54.09,1050.55934,12.48360571,NA,52.01934552,16697,20652,8.186988,59900,40,63,14.5,0.166411676427838,354.8179414,3256.113843,27.78216021,54,58,21.55378049,52,117.2016077,A2,A,2,Salem
136,99.8369,197314,75.427451,61.880871,93.8,24.199402,176.68042002,458.07,847.625167,15.82264243,3.35249902,59.79323024,14989,24828,73.333169,42853,36,55,20.5,0.169873112002886,354.8179414,3256.113843,27.78216021,54,58,21.55378049,52,117.2016077,A2,A,2,Haninge
138,163.478693,222354,82.118989,69.895775,99.1,19.979527,639.4368231,69.25,1376.640094,7.74319175,2.48859889,63.4398909,19335,31555,23.734785,56026,39,59,14.2,0.127202082182298,354.8179414,3256.113843,27.78216021,54,58,21.55378049,52,117.2016077,A2,A,2,Tyresö
139,45.986317,199654,74.968483,67.312775,90.2,27.612335,104.90933028,235.47,1200.34004,27.85645968,2.40209465,53.68758213,15812,22225,34.530219,28433,39,57,18.8,0.174972653183782,354.8179414,3256.113843,27.78216021,54,58,21.55378049,52,117.2016077,A2,A,2,Upplands-Bro
140,77.391578,228104,85.692068,71.80896,75.4,20.625528,62.3396177,152.76,2392.103329,44.46470753,3.55062334,48.9750634,16870,19779,45.468865,26434,40,53,11.2,0.113480399133318,354.8179414,3256.113843,27.78216021,54,58,21.55378049,52,117.2016077,B4,B,4,Nykvarn
160,11.720871,244619,83.303631,68.928924,99.6,40.541708,1091.7654809,60.72,1429.312738,5.97409307,2.14157252,85.78587908,23862,34394,4.057805,62615,43,NA,10.1,0.108646186394282,354.8179414,3256.113843,27.78216021,54,58,21.55378049,52,117.2016077,A2,A,2,Täby
162,135.373347,263183,78.212487,72.45345,99.9,127.176889,1220.53030303,26.4,1993.358575,7.6455883,1.79505679,66.75268024,33557,50641,6.517286,84763,47,64,11.2,0.179817282663617,354.8179414,3256.113843,27.78216021,54,58,21.55378049,52,117.2016077,A2,A,2,Danderyd
163,127.316751,232655,79.703482,71.281771,99.9,46.905022,1294.54787234,52.64,1280.372735,5.36577481,1.0195163,74.49788426,23608,34876,3.874092,NA,39,NA,15,0.121540440153613,354.8179414,3256.113843,27.78216021,54,58,21.55378049,52,117.2016077,A2,A,2,Sollentuna
180,1199.143366,222003,77.137231,24.64954,100,55.678441,4796.17460063,187.17,2464.253091,2.48545897,0.33477864,90.06886693,43335,38716,0.919015,39063,34,NA,19.3,0.27421843564686,354.8179414,3256.113843,27.78216021,54,58,21.55378049,52,117.2016077,A1,A,1,Stockholm
181,482.365601,176162,67.989836,30.872196,91,43.834663,173.42092735,525.15,1806.73533,17.87860916,2.87708236,69.78044716,13008,19621,23.157502,30977,35,40,28,0.117693101087503,354.8179414,3256.113843,27.78216021,54,58,21.55378049,52,117.2016077,B3,B,3,Södertälje
182,59.73121,236803,81.384248,67.341236,98.8,38.344623,992.67241379,95.12,1296.008388,6.39442892,1.564295,73.73793339,30702,40840,14.413861,66093,39,61,14.4,0.171041849224997,354.8179414,3256.113843,27.78216021,54,58,21.55378049,52,117.2016077,A2,A,2,Nacka
183,586.191526,212193,76.386676,81.103008,100,65.432999,4916.49365629,8.67,1181.954676,2.1352719,0.79500351,94.09564794,33231,42262,0.844555,NA,33,NA,19.9,0.159133677011426,354.8179414,3256.113843,27.78216021,54,58,21.55378049,52,117.2016077,A2,A,2,Sundbyberg
184,1037.668408,222405,76.911934,73.166737,100,164.687236,3768.9119171,19.3,1518.875447,2.71237788,0.96004817,96.01088065,32907,48891,0.192466,NA,34,56,17.9,0.218335619701567,354.8179414,3256.113843,27.78216021,54,58,21.55378049,52,117.2016077,A2,A,2,Solna
186,102.616318,237036,79.317817,65.345424,98.3,26.811255,1466.81818182,30.8,1998.251361,5.15867079,2.6241522,78.96972436,34299,50557,10.00487,65946,43,NA,12.4,0.128778055240533,354.8179414,3256.113843,27.78216021,54,58,21.55378049,52,117.2016077,A2,A,2,Lidingö
187,245.084019,233989,84.534386,65.725518,85.9,17.977127,193.29647547,57.88,1178.941723,21.0395921,1.12176655,36.18584071,25345,37009,154.272435,46896,42,53,11.1,0.0582077259467276,354.8179414,3256.113843,27.78216021,54,58,21.55378049,52,117.2016077,A2,A,2,Vaxholm
188,73.761984,180007,78.500428,25.378061,56.7,8.037154,28.19636515,2016.04,1231.031753,82.05523436,0.85477099,29.68471253,14146,17052,448.957692,23678,43,NA,18.2,0.0573394634529622,354.8179414,3256.113843,27.78216021,54,58,21.55378049,52,117.2016077,C6,C,6,Norrtälje
191,362.399705,194027,74.385633,44.279555,85.5,70.339918,132.47403787,327.4,1617.679609,22.26506782,1.96204035,61.81714854,14810,25432,10.652034,34692,37,59,21.6,0.170637515413877,354.8179414,3256.113843,27.78216021,54,58,21.55378049,52,117.2016077,A2,A,2,Sigtuna
192,68.10718,186305,75.417856,46.397158,80.3,9.692152,74.69060096,358.76,895.991939,38.1992263,3.48346637,42.95228778,10599,20168,112.778027,32169,40,60,19.3,0.0655233926343363,354.8179414,3256.113843,27.78216021,54,58,21.55378049,52,117.2016077,A2,A,2,Nynäshamn
305,21.784856,212292,81.514116,61.063786,88.9,16.746312,138.90782609,143.75,1319.661458,23.7507562,3.62707804,51.06907481,13495,18507,28.445513,23444,42,57,13.5,0.0502010976152642,94.84215763,2210.463093,16.72264436,53,66,12.37217247,21,132.1838249,A2,A,2,Håbo
319,0.547525,168050,73.752535,55.232558,88.6,21.67019,42.47837008,214.98,745.072273,59.71236071,0.87982244,31.85381473,3298,8833,69.645204,12078,44,NA,20.4,0.0332559522137845,94.84215763,2210.463093,16.72264436,53,66,12.37217247,21,132.1838249,B4,B,4,Älvkarleby
330,109.178434,224056,84.534672,69.422336,66.3,19.204108,55.21494135,282.17,1127.856226,40.08103016,1.6176774,32.09739539,16769,23269,30.808729,30373,42,60,12.1,0.0964806843381155,94.84215763,2210.463093,16.72264436,53,66,12.37217247,21,132.1838249,B4,B,4,Knivsta
331,77.174721,161480,76.061121,44.859813,61.1,18.172378,11.52715524,1166.81,785.650558,154.84231086,NA,8.00867419,4937,8778,127.509294,10358,47,NA,20.9,NA,94.84215763,2210.463093,16.72264436,53,66,12.37217247,21,132.1838249,B4,B,4,Heby
360,71.882446,165812,73.706736,41.356725,64.9,16.608187,13.01476954,1547.78,1458.995234,146.99469544,0.18922106,22.21891436,6214,8284,126.191422,12542,46,NA,21.6,0.0400718821994099,94.84215763,2210.463093,16.72264436,53,66,12.37217247,21,132.1838249,B4,B,4,Tierp
380,547.819434,193898,72.945804,17.389113,87.3,19.052419,94.00723841,2182.8,1773.06907,22.50263833,1.13295001,61.77318265,23949,23717,17.05174,18725,38,NA,21.2,0.0925559832470767,94.84215763,2210.463093,16.72264436,53,66,12.37217247,21,132.1838249,B3,B,3,Uppsala
381,210.399449,186959,79.792931,33.959116,67.7,15.164789,34.49809079,1178.5,941.361669,62.2160136,0.1241079,43.34969264,11981,15996,60.876623,19877,43,NA,16.5,0.0480960605859397,94.84215763,2210.463093,16.72264436,53,66,12.37217247,21,132.1838249,B5,B,5,Enköping
382,23.698014,175749,80.903894,27.334152,66.7,14.025389,14.47318475,1475.28,944.31435,126.78268682,0.24501169,23.19992475,7210,11355,263.722368,21499,47,54,15.9,0.0667259327533454,94.84215763,2210.463093,16.72264436,53,66,12.37217247,21,132.1838249,B5,B,5,Östhammar
428,15.053763,166784,72.899252,37.927171,66,23.081232,23.86096632,370.27,944.878325,107.50483733,1.60347103,10.32441662,1738,7838,125.863045,11551,46,56,22.6,0.0773260403696083,35.58624785,1676.05172,29.29596977,40,62,13.23406801,13,57.21099979,C7,C,7,Vingåker
461,45.729657,182437,79.185841,47.105045,66.2,19.768404,22.56742694,461.24,834.662311,100.07237929,1.77978575,26.05782118,8884,16545,158.132385,19583,44,53,18.4,0.0903051616913948,35.58624785,1676.05172,29.29596977,40,62,13.23406801,13,57.21099979,B4,B,4,Gnesta
480,44.647234,183314,78.052306,17.769345,81.9,19.584227,37.3286225,1420.84,849.692673,61.99090243,0.03613647,57.96533736,9311,15020,57.996154,21499,43,56,17.8,0.0335621586358483,35.58624785,1676.05172,29.29596977,40,62,13.23406801,13,57.21099979,C6,C,6,Nyköping
481,13.066737,171239,75.096457,43.24681,97.1,27.716674,322.20966375,35.39,1089.274752,14.35528193,0.14557882,63.07035489,2513,11625,66.473735,28922,44,58,17.5,0.0411198789951946,35.58624785,1676.05172,29.29596977,40,62,13.23406801,13,57.21099979,C7,C,7,Oxelösund
482,29.462738,162344,68.995847,31.284553,71.6,20.130081,22.47541143,718.83,1180.67591,106.64525625,0.23987965,30.82392565,2980,8317,159.012132,17069,46,53,25.6,0.0126938939872665,35.58624785,1676.05172,29.29596977,40,62,13.23406801,13,57.21099979,B5,B,5,Flen
483,157.78925,169294,71.371237,19.217712,82,19.276753,32.2783011,1020.19,1411.387792,76.13473353,0.36440952,45.30059012,7098,10790,57.880352,14747,43,NA,22.6,0.0575917712748174,35.58624785,1676.05172,29.29596977,40,62,13.23406801,13,57.21099979,C6,C,6,Katrineholm
484,605.581125,175264,71.10118,12.928282,88.2,14.36264,90.67344323,1099.87,1529.865937,30.0087569,0.14590824,60.05204747,10068,14375,32.778831,17692,40,50,24.8,0.0648915492501172,35.58624785,1676.05172,29.29596977,40,62,13.23406801,13,57.21099979,B3,B,3,Eskilstuna
486,99.703495,195746,79.117354,38.676049,76.2,13.395882,45.13856969,739.7,1071.460661,56.60295256,0.3396488,46.74452378,10871,17323,95.270898,20353,43,55,16.7,0.0375019949674105,35.58624785,1676.05172,29.29596977,40,62,13.23406801,13,57.21099979,B4,B,4,Strängnäs
488,33.64726,203736,80.638029,46.145572,82.2,15.847974,55.69064988,209.73,1441.181507,50.2506014,0.70539201,25.58300824,16249,19415,145.291096,27764,44,63,13.3,0.00495586866172025,35.58624785,1676.05172,29.29596977,40,62,13.23406801,13,57.21099979,B4,B,4,Trosa
509,53.150367,160187,76.646707,35.409253,55.1,14.234875,12.02081688,430.42,3185.5431,201.3027242,NA,31.91612159,848,5440,136.451488,14853,51,NA,22.9,0.0670773595763748,63.07019476,2003.830096,29.7052072,NA,NA,12.66935265,NA,67.45719976,C7,C,7,Ödeshög
512,32.347249,165898,78.777778,42.785445,43.2,14.55458,5.3551864,675.42,626.486038,475.78501769,0.34481932,31.845898,NA,5076,276.472215,13425,53,NA,20.5,0.0691213385733646,63.07019476,2003.830096,29.7052072,NA,NA,12.66935265,NA,67.45719976,C7,C,7,Ydre
513,29.177719,174488,80.240481,33.715596,65.8,11.880734,8.67840669,1129.47,744.03183,273.47585748,NA,29.32022932,3936,8374,172.005713,18731,49,61,19,0.0443932044625836,63.07019476,2003.830096,29.7052072,NA,NA,12.66935265,NA,67.45719976,B5,B,5,Kinda
560,17.999242,168229,78.150036,50.344828,69,15.689655,10.03861004,525.77,1315.270936,223.55772527,NA,31.6890595,1246,9105,221.674877,17308,47,62,19.4,0.142737572103362,63.07019476,2003.830096,29.7052072,NA,NA,12.66935265,NA,67.45719976,C7,C,7,Boxholm
561,76.17801,168676,77.442578,44.499792,76.7,12.619344,16.69045469,686.62,1366.317627,137.53169119,2.79765216,21.91756898,2271,8288,71.116928,16819,48,66,20,0.0434156794552432,63.07019476,2003.830096,29.7052072,NA,NA,12.66935265,NA,67.45719976,B4,B,4,Åtvidaberg
562,10.429125,168141,75.56735,22.809805,79.9,21.130277,19.80801304,1055.28,943.261733,103.16323504,NA,33.35899904,2063,8313,90.991724,14099,46,NA,18.7,0.0310184901870242,63.07019476,2003.830096,29.7052072,NA,NA,12.66935265,NA,67.45719976,B5,B,5,Finspång
563,-14.238629,159301,73.83812,29.624838,58.3,16.752911,10.33632226,733.82,1428.740936,183.93909664,NA,4.77006193,966,8720,352.142386,21773,50,NA,22.9,0.0369378884056285,63.07019476,2003.830096,29.7052072,NA,NA,12.66935265,NA,67.45719976,B5,B,5,Valdemarsvik
580,207.107762,183308,72.11795,13.106502,89.4,22.828724,105.22473799,1427.44,1444.900867,26.06162536,2.41334621,68.86269071,16662,18850,17.995766,17142,41,NA,21.6,0.0733511580521828,63.07019476,2003.830096,29.7052072,NA,NA,12.66935265,NA,67.45719976,B3,B,3,Linköping
581,459.34549,177168,71.686747,15.03676,90.1,17.713969,89.46122203,1495.05,1361.251299,27.36247047,1.81820857,58.39417163,11409,16726,28.770309,17898,40,NA,22.1,0.0738040410940087,63.07019476,2003.830096,29.7052072,NA,NA,12.66935265,NA,67.45719976,B3,B,3,Norrköping
582,51.708348,184153,79.224806,54.824029,61.1,19.447816,21.06551903,673.85,1478.760127,95.83435921,0.24717959,18.59656591,8131,15408,160.197253,21487,44,61,16.9,0.0129832168827347,63.07019476,2003.830096,29.7052072,NA,NA,12.66935265,NA,67.45719976,B4,B,4,Söderköping
583,109.725745,170813,71.759099,25.929325,83.9,13.721891,42.89519975,983.49,1104.107901,57.55419257,0.16888644,44.21432325,4393,10872,49.13836,18003,44,61,20.8,0.0160779621134821,63.07019476,2003.830096,29.7052072,NA,NA,12.66935265,NA,67.45719976,B5,B,5,Motala
584,-0.812678,173590,76.093917,39.246969,75.9,33.056796,40.6016278,181.84,1042.801029,59.10572259,0.38528817,20.89470813,3154,10515,70.432074,14838,50,60,16.6,0.0315566525978258,63.07019476,2003.830096,29.7052072,NA,NA,12.66935265,NA,67.45719976,C7,C,7,Vadstena
586,23.410482,176378,77.805801,41.484494,79.6,25.978648,48.18260057,546.11,1669.402957,52.85841394,0.30098369,55.16003361,5682,11689,22.726409,12550,45,60,18.3,0.0269873934668688,63.07019476,2003.830096,29.7052072,NA,NA,12.66935265,NA,67.45719976,B4,B,4,Mjölby
604,83.764706,171397,80.17192,46.148782,60.7,21.461488,12.31265451,517.76,1045.803922,201.38067106,1.31752151,13.9139919,1042,5299,93.803922,15923,50,61,20.3,0.0346795448357524,54.40427074,1471.378962,17.70526835,54,72,8.52697652,14,83.10401922,B4,B,4,Aneby
617,12.119923,186278,79.034158,24.305872,74.7,37.733273,22.36435399,420.58,944.928769,101.04056611,0.72440421,16.85909771,604,6585,38.805018,6449,46,NA,18.8,0.0258401697522655,54.40427074,1471.378962,17.70526835,54,72,8.52697652,14,83.10401922,C7,C,7,Gnosjö
642,33.385424,175965,77.422848,45.518118,87.5,29.561348,35.16686651,200.16,1303.025998,81.57898815,0.91982144,12.96768707,2991,7598,65.492257,8378,47,NA,18.8,0.0324705027963212,54.40427074,1471.378962,17.70526835,54,72,8.52697652,14,83.10401922,B4,B,4,Mullsjö
643,49.476082,193618,85.250939,56.944964,70.1,24.298016,33.4074029,328.52,1208.473804,85.34322361,0.38487963,56.49899027,6743,13418,47.835991,11576,44,NA,15.6,0.0764894038509874,54.40427074,1471.378962,17.70526835,54,72,8.52697652,14,83.10401922,B4,B,4,Habo
662,-38.379828,180749,77.588892,18.793503,81.1,19.752514,25.25152144,1137.08,1055.201477,104.98871501,1.60478211,24.77105749,2173,7137,42.802912,10391,45,61,19,0.0493930862166885,54.40427074,1471.378962,17.70526835,54,72,8.52697652,14,83.10401922,C8,C,8,Gislaved
665,137.179196,182350,82.249361,33.683875,74.7,15.583174,16.01207361,824.94,1636.308577,150.59336892,2.25137814,41.64129111,3540,8682,51.025816,12216,46,NA,17.7,0.0242861812830003,54.40427074,1471.378962,17.70526835,54,72,8.52697652,14,83.10401922,B5,B,5,Vaggeryd
680,918.263276,185625,77.535494,10.226573,89.8,16.757966,88.35553514,1480.36,2491.406596,31.66072345,2.04155266,46.13323035,14359,16729,20.107341,17067,42,59,18.7,0.0774601351873992,54.40427074,1471.378962,17.70526835,54,72,8.52697652,14,83.10401922,B3,B,3,Jönköping
682,65.930343,174627,75.585413,29.772192,82.5,20.141398,31.72774081,930.29,1406.559154,81.94134632,2.17470629,23.23483353,5504,7650,49.396937,14454,46,57,21,0.0632165838678553,54.40427074,1471.378962,17.70526835,54,72,8.52697652,14,83.10401922,B5,B,5,Nässjö
683,176.866234,189527,81.107312,15.629704,78.2,21.500251,27.265625,1216,1157.5328,91.1628685,0.57928762,71.93327682,6495,10441,37.1588,13809,45,NA,16.8,0.0174426257401458,54.40427074,1471.378962,17.70526835,54,72,8.52697652,14,83.10401922,C6,C,6,Värnamo
684,428.662595,165861,76.192171,25.71912,74.1,17.301184,16.15344967,679.05,2055.246604,159.10261482,3.70184964,28.27210633,1819,4885,60.990063,4985,48,NA,22.4,0.0375016497030143,54.40427074,1471.378962,17.70526835,54,72,8.52697652,14,83.10401922,C7,C,7,Sävsjö
685,1255.649343,173439,79.111627,18.358714,75.2,13.181049,17.6066804,1500.51,1971.914153,140.58619236,0.98028581,27.59355035,3812,7064,71.652977,10149,49,NA,19.4,0.0159487170522038,54.40427074,1471.378962,17.70526835,54,72,8.52697652,14,83.10401922,C8,C,8,Vetlanda
686,16.946064,175174,79.388965,18.726692,77.9,48.854555,20.5933857,799.48,1429.482507,138.90409821,3.52704304,26.38006839,4180,8227,69.36346,12837,50,62,18.8,0.0556281667516885,54.40427074,1471.378962,17.70526835,54,72,8.52697652,14,83.10401922,C7,C,7,Eksjö
687,325.273397,165409,75.085106,19.404572,84.2,21.265284,45.19197338,402.66,1680.82651,58.73866203,0.39883328,52.49118166,3640,8352,32.367973,21039,45,NA,21.7,0.0313928945783568,54.40427074,1471.378962,17.70526835,54,72,8.52697652,14,83.10401922,B5,B,5,Tranås
760,84.517657,167218,75.388601,23.727034,72.1,23.832021,7.92572618,1171.88,1438.307494,285.34816139,0.15738805,6.53017241,492,4212,110.89578,6263,50,51,23.3,0.00876181336280649,44.15576757,1256.673577,18.11693114,46,63,17.54375289,10,69.36459424,B5,B,5,Uppvidinge
761,1.737188,166096,72.597339,40.710723,87.3,23.254364,19.53460187,412.55,1072.093312,124.42419804,0.5315846,33.67053828,1047,5225,63.531456,1838,49,51,24,0.0688564646737345,44.15576757,1256.673577,18.11693114,46,63,17.54375289,10,69.36459424,B4,B,4,Lessebo
763,632.938467,162750,78.083522,27.265774,62.4,23.135755,11.63387183,1044.88,1737.578151,233.78740474,1.67926594,22.78606145,2161,5797,159.427443,8351,54,59,20.4,0.0523368700420829,44.15576757,1256.673577,18.11693114,46,63,17.54375289,10,69.36459424,B5,B,5,Tingsryd
764,4.66805,176036,77.490196,41.798442,68,21.005428,19.79080056,974.19,1026.711618,140.77085622,2.47270455,40.12394307,3979,7431,57.261411,10246,48,47,21.2,0.0762961330748546,44.15576757,1256.673577,18.11693114,46,63,17.54375289,10,69.36459424,B4,B,4,Alvesta
765,280.982296,180269,79.701353,15.473251,70.4,35.829904,17.68825834,890.93,1064.598007,143.36389086,0.42471568,30.72956455,3908,10167,94.422235,10144,47,53,17.8,0,44.15576757,1256.673577,18.11693114,46,63,17.54375289,10,69.36459424,C7,C,7,Älmhult
767,118.759853,154067,71.69193,22.665268,76.2,24.344176,18.39749415,517.19,1444.771414,151.85573999,1.83554887,8.26210826,1900,5462,110.352076,8408,50,63,23.1,0.0714629108469798,44.15576757,1256.673577,18.11693114,46,63,17.54375289,10,69.36459424,C7,C,7,Markaryd
780,459.905386,186731,76.138961,12.739367,86.1,21.961298,51.5289611,1665.51,1480.576076,49.92011783,2.13308466,65.04157085,14133,14712,20.752255,16345,44,NA,19.4,0.0588882153806651,44.15576757,1256.673577,18.11693114,46,63,17.54375289,10,69.36459424,B3,B,3,Växjö
781,713.091616,174771,79.359626,13.422605,71.2,11.653117,15.60692319,1747.75,1997.397074,171.27089775,0.1276038,23.11955372,5243,9496,106.573304,13728,48,NA,18.6,0.0126027939851409,44.15576757,1256.673577,18.11693114,46,63,17.54375289,10,69.36459424,C6,C,6,Ljungby
821,0,153389,69.807428,34.275296,67,21.148587,7.61273315,751.11,1472.542847,312.31708307,2.58731851,9.30029663,502,3465,206.365862,5467,51,NA,27.4,0.222301395553158,32.92100072,1859.757818,24.01573629,41,56,10.54353708,11,77.43913389,C7,C,7,Högsby
834,537.578136,161218,75.903614,41.311933,53.1,17.236567,14.68585214,468.41,1927.315017,150.51209173,1.44166104,10.2679218,822,4817,202.645733,8744,52,60,23.3,0.0131549843475134,32.92100072,1859.757818,24.01573629,41,56,10.54353708,11,77.43913389,C7,C,7,Torsås
840,205.317372,183738,82.090719000000007,50.058893,65.9,22.909305,21.54801362,666.79,1064.239978,66.70391792,1.83918642,11.08934443,9667,12981,259.883073,20659,49,NA,17.2,0,32.92100072,1859.757818,24.01573629,41,56,10.54353708,11,77.43913389,C7,C,7,Mörbylånga
860,-12.687935,154565,71.260745,23.660714,81.1,14.955357,12.15760753,1121.52,1498.716538,202.42965662,0.92476731,14.17613217,1177,3710,124.679135,6972,50,NA,23.7,0.0530540354829894,32.92100072,1859.757818,24.01573629,41,56,10.54353708,11,77.43913389,C7,C,7,Hultsfred
861,36.141787,169410,77.043376,34.895279,70.2,15.086972,21.60110766,599.46,1321.337555,109.29463318,2.25996829,30.74097233,2840,8045,105.72245,12063,48,67,17.7,0.0505793813202485,32.92100072,1859.757818,24.01573629,41,56,10.54353708,11,77.43913389,C7,C,7,Mönsterås
862,141.566265,165846,76.560453999999993,27.267932,70.6,22.151899,12.9969552,689.7,1598.839804,194.68227332,1.12428927,12.99566811,200,4719,94.042838,5666,54,NA,20.1,0.099740152017202,32.92100072,1859.757818,24.01573629,41,56,10.54353708,11,77.43913389,C7,C,7,Emmaboda
880,386.150547,183133,76.775504,15.346275,87.9,26.829748,66.7645522,956.9,1504.18708,42.11752778,2.53202963,52.68928684,10931,14881,34.01318,18063,43,56,19.3,0.0479971574900071,32.92100072,1859.757818,24.01573629,41,56,10.54353708,11,77.43913389,C6,C,6,Kalmar
881,753.553286,162533,75.459523,30.292146,77.5,17.69636,16.63323917,1171.69,1988.198471,146.47021561,3.65551989,28.54722793,1192,6595,53.876546,6414,49,61,22.2,0.0106405041626907,32.92100072,1859.757818,24.01573629,41,56,10.54353708,11,77.43913389,C7,C,7,Nybro
882,275.331909,180647,79.270386,10.212044,84.4,18.184902,25.04442873,1046.62,1328.742561,86.06393419,0.19302732,41.29163002,4808,11494,75.232718,18330,46,NA,15.2,0.0374694460342163,32.92100072,1859.757818,24.01573629,41,56,10.54353708,11,77.43913389,C6,C,6,Oskarshamn
883,104.49717,171217,76.104034,8.339859,80.5,6.865048,19.13488367,1874.43,1242.897371,115.60353921,2.72164947,25.03483641,5094,10231,144.283046,22228,46,NA,20.4,0.0358991660988143,32.92100072,1859.757818,24.01573629,41,56,10.54353708,11,77.43913389,C6,C,6,Västervik
884,2.420357,170018,78.891099,18.437863,72.6,19.105691,13.40694421,1140.23,-1363.969386,194.81568601,0.23353506,13.37186648,3544,7046,78.825146,7447,48,54,19.6,0.0263485418354293,32.92100072,1859.757818,24.01573629,41,56,10.54353708,11,77.43913389,C8,C,8,Vimmerby
885,77.596761,164451,78.005309,26.840959,44.2,18.910675,15.64724085,678.65,818.72116,151.58233336,3.92070388,7.44571801,10101,12965,737.451737,17720,50,NA,22.2,0.0368185553775675,32.92100072,1859.757818,24.01573629,41,56,10.54353708,11,77.43913389,C9,C,9,Borgholm
980,439.547944,174936,78.196103,6.577778,58.4,3.748148,18.23870072,3134.05,1172.827627,103.66834002,2.86129117,41.1051519,15677,16782,188.887528,25790,44,47,21.7,0.0393736274016676,15.69902624,NA,NA,39,62,NA,6,NA,C6,C,6,Gotland
1060,137.963106,160549,71.812481,27.386054,79.3,23.568368,33.09987429,389.79,1581.382731,102.50477492,0.66428103,73.5189206,1149,5522,56.890405,6009,47,67,20.5,0.0427645333215417,55.49509624,1036.744634,12.07088415,50,66,12.18224085,10,85.88804441,C7,C,7,Olofström
1080,296.689198,180921,76.699708,10.220915,80.8,16.604504,61.32353364,1042.21,1277.115409,50.53579644,0.5072176,38.42094517,10879,13233,74.242709,15763,44,NA,21.6,0.0361044272334873,55.49509624,1036.744634,12.07088415,50,66,12.18224085,10,85.88804441,C6,C,6,Karlskrona
1081,115.926949,168467,74.94469,30.73608,75.6,16.893639,33.76911334,825.34,1690.072118,86.43983747,3.73367517,31.30603867,4321,9834,101.180438,18426,47,60,22.8,0.0265998870517008,55.49509624,1036.744634,12.07088415,50,66,12.18224085,10,85.88804441,C7,C,7,Ronneby
1082,257.674597,169334,74.975996,21.560327,82.6,21.590565,63.99279692,488.68,1394.250448,50.72379627,1.07192972,24.2125225,5763,9832,53.882067,33368,46,NA,20.3,0.0266587115768016,55.49509624,1036.744634,12.07088415,50,66,12.18224085,10,85.88804441,C6,C,6,Karlshamn
1083,196.011905,169107,75.584763,36.285397,76.6,23.320378,90.6588959,185.31,1598.392857,38.72498797,1.06103768,17.79640861,6248,10878,175.595238,19294,47,64,20,0.0300793138597923,55.49509624,1036.744634,12.07088415,50,66,12.18224085,10,85.88804441,C7,C,7,Sölvesborg
1214,-4.725473,175127,75.192308,61.025641,67.9,25.811966,34.42292796,387.3,920.492049,76.38414236,2.80054316,10.83755003,4936,9250,29.327933,8680,47,55,22.6,0.0486899280099389,122.1067518,1544.370831,21.20661968,54,63,25.42420029,24,72.82494119,B4,B,4,Svalöv
1230,-79.525406,208991,81.07137,74.357521,88.9,25.018896,212.24489796,106.82,1104.225476,18.01405363,4.37304908,12.39684089,11189,18479,4.807692,NA,45,61,14.8,0.0683785718166388,122.1067518,1544.370831,21.20661968,54,63,25.42420029,24,72.82494119,A2,A,2,Staffanstorp
1231,35.993923,175081,68.574446,69.343494,98,62.280188,905.5026455,18.9,752.658642,7.50975131,3.62334499,52.55225199,9159,18287,3.213743,NA,39,57,28.4,0.138118956413125,122.1067518,1544.370831,21.20661968,54,63,25.42420029,24,72.82494119,A2,A,2,Burlöv
1233,24.551128,217947,79.726271,64.705127,90.5,20.77605,237.05911226,142.61,931.316,18.29947859,2.84557939,6.23270758,19631,26832,56.822552,47955,52,NA,13.4,0.0279385342227784,122.1067518,1544.370831,21.20661968,54,63,25.42420029,24,72.82494119,A2,A,2,Vellinge
1256,230.72989,167228,72.222222,44.594116,76.9,19.815668,31.68580424,431.96,1430.846789,97.35137853,2.38324138,7.38644716,871,5404,65.901951,8012,48,NA,22.2,0.0278550513232573,122.1067518,1544.370831,21.20661968,54,63,25.42420029,24,72.82494119,C7,C,7,Östra Göinge
1257,93.028074,163404,71.914063,35.288221,70,29.172932,30.20810515,319.55,914.845126,102.26861812,3.25699527,10.36017388,2318,7371,138.298974,10536,48,NA,25.2,0.0567511418752751,122.1067518,1544.370831,21.20661968,54,63,25.42420029,24,72.82494119,B4,B,4,Örkelljunga
1260,151.611378,166946,69.696227,57.804233,91.8,34.424603,128.39174185,115.28,1476.724546,28.71837259,3.86936525,24.7949442,3013,9516,11.350584,NA,44,NA,26.6,0.0514475745337807,122.1067518,1544.370831,21.20661968,54,63,25.42420029,24,72.82494119,B4,B,4,Bjuv
1261,34.763514,207399,82.026792,66.809605,90.5,23.284734,194.02202412,152.56,885.777027,19.28241526,4.07743831,20.50418453,9152,17845,12.804054,23789,45,62,13.2,0.0387600921391565,122.1067518,1544.370831,21.20661968,54,63,25.42420029,24,72.82494119,A2,A,2,Kävlinge
1262,120.021337,229787,83.820998,74.062739,95.7,32.498087,405.18731988,55.52,1991.28734,12.85437265,4.21864578,25.56853652,18941,26458,7.823613,29685,46,65,10.3,0.0499409340492043,122.1067518,1544.370831,21.20661968,54,63,25.42420029,24,72.82494119,A2,A,2,Lomma
1263,20.730553,203584,82.607143,68.797533,84,35.210689,92.02935107,218.05,1173.568545,32.34675029,2.92436799,29.53660242,10558,18152,7.32546,26674,45,60,15.8,0.0551445375533146,122.1067518,1544.370831,21.20661968,54,63,25.42420029,24,72.82494119,A2,A,2,Svedala
1264,29.417637,182338,75.905624,56.859259,72.8,20.533333,77.61648931,193.58,1275.274542,41.27262847,4.69720688,2.76339676,5613,12398,37.603993,20929,48,NA,21.5,0.0431322564747788,122.1067518,1544.370831,21.20661968,54,63,25.42420029,24,72.82494119,A2,A,2,Skurup
1265,187.48981,171330,77.031312,51.052632,62.2,19.090909,37.38748806,492.17,1131.895006,75.29334493,2.23522897,5.90490798,4066,10097,78.74572,11414,49,55,21.6,0.0516388697818124,122.1067518,1544.370831,21.20661968,54,63,25.42420029,24,72.82494119,B4,B,4,Sjöbo
1266,56.914929,172304,77.034533,48.281887,59.1,27.431567,35.56662931,419.41,1255.346249,75.46764175,2.29566495,2.42270111,6693,10799,81.919957,12314,48,56,21.9,0.0391459254480522,122.1067518,1544.370831,21.20661968,54,63,25.42420029,24,72.82494119,B4,B,4,Hörby
1267,92.472981,185429,79.466976,54.288846,71.3,25.45903,53.76310813,290.85,1495.747266,59.62460627,2.95990561,5.48447245,7903,11262,83.200102,12025,48,NA,20.2,0.0604648778896982,122.1067518,1544.370831,21.20661968,54,63,25.42420029,24,72.82494119,B4,B,4,Höör
1270,-19.238228,166795,74.619581,46.519886,64.4,31.463068,32.55796333,395.94,1089.2871,86.83616725,1.94106167,8.0974478,3599,9063,101.93158,10898,49,NA,23.7,0.0386958356218376,122.1067518,1544.370831,21.20661968,54,63,25.42420029,24,72.82494119,C7,C,7,Tomelilla
1272,670.233463,166378,73.48599,52.621359,83.7,27.92233,75.91384615,162.5,2044.341764,50.92394146,6.35679124,21.58590308,2236,8098,31.047341,8896,46,58,20.9,0.0265324888828788,122.1067518,1544.370831,21.20661968,54,63,25.42420029,24,72.82494119,C7,C,7,Bromölla
1273,117.360182,163308,74.264036,39.231928,75.8,24.548193,22.06198806,576.24,1512.624872,133.13569228,1.61421894,11.94809305,2192,5633,77.401086,10965,49,NA,22.5,0.0164095977164892,122.1067518,1544.370831,21.20661968,54,63,25.42420029,24,72.82494119,C7,C,7,Osby
1275,22.692254,153526,65.91505,38.763198,80.2,38.763198,44.96158206,158.78,1061.072979,66.52825984,3.17927741,53.39627959,1463,6669,35.859364,6333,45,56,29.1,0,122.1067518,1544.370831,21.20661968,54,63,25.42420029,24,72.82494119,B4,B,4,Perstorp
1276,35.536943,160772,69.940672,45.278023,73.7,24.095322,44.65430648,374.32,949.626084,72.18293987,2.51314027,23.13791446,2437,8310,54.561771,10378,47,NA,24.4,0.00737250896730082,122.1067518,1544.370831,21.20661968,54,63,25.42420029,24,72.82494119,B4,B,4,Klippan
1277,39.592684,167637,69.294004,57.237496,91.9,47.532295,161.86293646,92.22,584.578281,24.22069024,3.00785696,41.79407387,2543,10568,14.470423,14865,43,NA,26.4,0.100926665802192,122.1067518,1544.370831,21.20661968,54,63,25.42420029,24,72.82494119,B4,B,4,Åstorp
1278,204.553415,176294,76.617727,38.034865,70.5,38.415214,68.04423471,209.79,1048.056042,56.02300262,0.94222706,16.43099548,12536,21963,320,35739,53,NA,19.1,0.0432928839223455,122.1067518,1544.370831,21.20661968,54,63,25.42420029,24,72.82494119,C9,C,9,Båstad
1280,1105.896599,170677,63.561161,20.74547,99.5,42.076866,1995.24446994,156.87,3189.109056,3.75080933,1.55172926,79.61174516,16702,24300,1.939334,31439,37,NA,33.4,0.109207284929928,122.1067518,1544.370831,21.20661968,54,63,25.42420029,24,72.82494119,A1,A,1,Malmö
1281,321.958859,189555,67.497121,35.69777,94.7,68.566054,267.5163261,427.23,1192.911078,12.84501565,3.29068155,61.93170749,18856,22489,4.576038,17700,40,NA,24.4,0.10408047641825,122.1067518,1544.370831,21.20661968,54,63,25.42420029,24,72.82494119,B3,B,3,Lund
1282,446.846052,166119,65.665872,40.309156,92.7,29.916766,307.05018534,140.28,1206.95099,12.66316444,2.77187439,70.46314904,9395,16921,13.976273,21357,41,NA,28.1,0.0349358140307259,122.1067518,1544.370831,21.20661968,54,63,25.42420029,24,72.82494119,B4,B,4,Landskrona
1283,603.012279,181267,70.006373,23.471434,95.6,34.659012,386.58469231,344.01,2277.714698,9.92491719,3.95188657,65.1659235,13494,21608,5.188399,39840,41,57,23.4,0.0967719133758959,122.1067518,1544.370831,21.20661968,54,63,25.42420029,24,72.82494119,B3,B,3,Helsingborg
1284,34.085473,190180,79.025875,45.871232,89.2,19.368646,166.29541236,150.84,1512.836868,21.93575298,2.74919786,31.77829657,11721,19915,78.336788,30312,49,NA,16,0.0271637155335143,122.1067518,1544.370831,21.20661968,54,63,25.42420029,24,72.82494119,B4,B,4,Höganäs
1285,138.690476,183933,76.681262,51.291667,80.8,28.652778,76.17047678,419.06,890.538847,35.46267807,2.15365464,33.89461735,7684,13280,11.121554,15062,43,NA,20.8,0.100630960432668,122.1067518,1544.370831,21.20661968,54,63,25.42420029,24,72.82494119,B4,B,4,Eslöv
1286,412.255878,183363,79.285534,31.588287,81.5,31.573499,81.7613117,350.08,1028.683227,39.54212193,4.87978787,48.54226386,10262,16753,70.328058,20059,48,NA,16.4,0.0414089310129636,122.1067518,1544.370831,21.20661968,54,63,25.42420029,24,72.82494119,C6,C,6,Ystad
1287,125.872493,178448,75.695607999999993,42.705598,81.6,17.498162,126.03936799,339.87,1140.556061,26.50033873,3.27189338,25.99455808,7978,16861,41.085977,20764,45,NA,21.1,0.0666123438338578,122.1067518,1544.370831,21.20661968,54,63,25.42420029,24,72.82494119,A2,A,2,Trelleborg
1290,254.576652,176670,73.196873,16.735713,82.5,25.759038,65.00220662,1246.25,1226.962436,47.79225424,3.96801513,36.36623286,6334,11465,66.165488,24320,45,NA,22.7,0.0507109866660537,122.1067518,1544.370831,21.20661968,54,63,25.42420029,24,72.82494119,C6,C,6,Kristianstad
1291,96.45929,165202,74.617926,26.225853999999998,69,20.059435,48.42344644,391.36,834.151232,69.66366055,3.08863892,24.62883016,5159,15518,230.752995,26297,52,NA,22.4,0.0616190357182253,122.1067518,1544.370831,21.20661968,54,63,25.42420029,24,72.82494119,C7,C,7,Simrishamn
1292,252.696533,184985,78.627611,36.745182,81.4,30.802998,94.90548969,420.06,1358.500978,34.98791986,3.34539502,30.26391639,9994,17210,38.930417,20765,47,NA,16,0.0368595773551712,122.1067518,1544.370831,21.20661968,54,63,25.42420029,24,72.82494119,B4,B,4,Ängelholm
1293,201.544986,165808,74.084115,26.482323,79.2,19.467384,39.59464892,1268.53,1125.291178,77.66134826,3.03615854,22.62872629,4385,8244,53.079021,8952,47,NA,23.3,0.0436867696595129,122.1067518,1544.370831,21.20661968,54,63,25.42420029,24,72.82494119,C6,C,6,Hässleholm
1315,60.893911,167747,75.019305,29.409006,65.8,23.217636,10.57098765,946.08,687.031297,265.41212909,1.43195094,8.727309,855,4894,109.089091,10089,47,59,21.8,0,52.62899456,1148.259679,19.36102868,47,65,28.56522695,14,59.30778256,B5,B,5,Hylte
1380,372.794524,183087,76.225981,12.274764,90.7,16.052319,92.77311587,1014.13,1446.590281,35.49437654,2.49346004,42.811769,12973,17212,41.845585,33682,44,NA,18.8,0.0310003634768952,52.62899456,1148.259679,19.36102868,47,65,28.56522695,14,59.30778256,B3,B,3,Halmstad
1381,225.964196,170717,76.871615,38.517248,65.6,14.979989,26.63427562,882.96,1174.299443,109.69223642,0.6135123,14.30947,4708,10987,201.343709,19351,49,57,20,0.0275253734404347,52.62899456,1148.259679,19.36102868,47,65,28.56522695,14,59.30778256,B4,B,4,Laholm
1382,118.24775699999999,181083,79.699982,21.592992,74.6,19.851294,37.79635491,1108.89,1047.957626,84.60938796,2.66627418,26.72195569,7442,13477,106.508876,27719,46,58,18.3,0.0564752028735519,52.62899456,1148.259679,19.36102868,47,65,28.56522695,14,59.30778256,C6,C,6,Falkenberg
1383,52.823011,184825,81.621916,21.066374,72.5,15.851312,68.99425585,868.71,1199.095702,45.12583899,2.65284385,45.53450837,18871,18406,81.703817,28747,45,NA,15.2,0.0294713291731454,52.62899456,1148.259679,19.36102868,47,65,28.56522695,14,59.30778256,C6,C,6,Varberg
1384,76.560279,214498,84.985085,47.822043,79.3,19.309668,127.56523316,606.67,909.704096,26.0391884,2.10824275,21.95552555,21576,25589,41.5816,34234,45,55,11,0.0469929968631232,52.62899456,1148.259679,19.36102868,47,65,28.56522695,14,59.30778256,A2,A,2,Kungsbacka
1401,102.68107,218867,83.557216,64.278403,86.3,40.418515,133.93807632,266.78,1774.739729,23.67081874,3.14050349,30.60439404,19551,25306,22.081048,27233,40,NA,12.1,0.0740363094113171,175.2742766,2488.576446,28.40466431,43,53,16.5524735,28,87.61154219,A2,A,2,Härryda
1402,283.785653,211415,80.947307,73.140075,99,36.224663,636.05490058,56.83,1495.283149,6.5845671,2.39874525,60.9608196,18271,26242,2.849476,43618,40,59,14.2,0.0990331038706357,175.2742766,2488.576446,28.40466431,43,53,16.5524735,28,87.61154219,A2,A,2,Partille
1407,76.745666,192370,83.532576,50.182421,97.3,11.442786,488.5003885,25.74,1163.273421,11.02437055,0.13770279,15.94226015,27283,28768,54.716081,40806,45,NA,12.7,0.0520001377790359,175.2742766,2488.576446,28.40466431,43,53,16.5524735,28,87.61154219,A2,A,2,Öckerö
1415,23.905022,201474,83.272674,47.276617,73.7,36.152707,98.97185503,251.91,724.69116,33.39080627,3.09898446,35.32861964,16295,19924,43.759025,22870,43,51,14.1,0.0127571482783594,175.2742766,2488.576446,28.40466431,43,53,16.5524735,28,87.61154219,A2,A,2,Stenungsund
1419,44.385382,190947,82.541656,48.665926,58.9,16.092273,89.92590822,167.36,400.797342,41.12511241,1.1924061,11.39975958,8249,21711,270.631229,28087,45,51,14,0.0133347498697537,175.2742766,2488.576446,28.40466431,43,53,16.5524735,28,87.61154219,C7,C,7,Tjörn
1421,46.421921,177701,80.349899,41.597242,37.3,14.047687,38.90096243,386.52,224.727321,80.0141239,0.26462315,9.22352629,16641,19528,381.284916,25714,47,NA,16.6,0.0319224119182565,175.2742766,2488.576446,28.40466431,43,53,16.5524735,28,87.61154219,C7,C,7,Orust
1427,306.56362,179132,79.89418,21.910955,77.7,23.711856,64.59735186,138.21,1618.167563,51.04556163,0.73019648,24.31712192,17858,26217,440.076165,37070,49,NA,15.7,0.0285594603177838,175.2742766,2488.576446,28.40466431,43,53,16.5524735,28,87.61154219,C9,C,9,Sotenäs
1430,-0.881921,164463,78.314176,43.904633,58.7,24.066577,16.09596063,634.01,342.77315,129.81681793,1.94231222,28.01613856,3615,9095,123.370897,19602,45,48,23.9,0.0928530477448213,175.2742766,2488.576446,28.40466431,43,53,16.5524735,28,87.61154219,C7,C,7,Munkedal
1435,86.645534,172257,77.932707,33.933616,40.8,18.785311,13.41306528,917.24,954.726489,159.40198147,0.51963359,6.02605863,13284,21303,490.449484,33766,46,46,21.7,0.0885248751305789,175.2742766,2488.576446,28.40466431,43,53,16.5524735,28,87.61154219,C9,C,9,Tanum
1438,27.004219,157573,75.540765,22.123016,62.5,20.535714,6.54388823,724.34,866.033755,247.93444473,1.5830779,11.17798796,1605,7837,202.531646,9177,47,NA,27.4,0.0392696292821423,175.2742766,2488.576446,28.40466431,43,53,16.5524735,28,87.61154219,C8,C,8,Dals-Ed
1439,25.460123,165998,75.460487,44.277539,54.5,16.881259,11.0699854,588.98,388.957055,167.67507071,0.6949197,16.43042219,565,5747,111.196319,7846,47,NA,25.4,0.0694010986708681,175.2742766,2488.576446,28.40466431,43,53,16.5524735,28,87.61154219,B4,B,4,Färgelanda
1440,29.20852,194308,80.098535,62.925638,79.5,20.629104,88.53358562,317.1,793.225048,28.89509257,1.1245754,47.02500617,12730,17083,14.141198,13440,40,NA,16.4,0.0720549341976806,175.2742766,2488.576446,28.40466431,43,53,16.5524735,28,87.61154219,A2,A,2,Ale
1441,4.552506,212547,84.687296,62.238342,88.5,18.569948,152.03975098,258.61,1128.538366,21.92466948,2.74574956,17.05678759,16238,20272,18.235459,22544,42,57,12.2,0.100864304407734,175.2742766,2488.576446,28.40466431,43,53,16.5524735,28,87.61154219,A2,A,2,Lerum
1442,23.76864,176246,79.440789,45.919146,49.1,27.078566,25.93764651,426.6,978.761862,94.83162404,0.66002034,14.78189898,3925,11005,41.030276,15176,44,NA,20,0.0594171046163786,175.2742766,2488.576446,28.40466431,43,53,16.5524735,28,87.61154219,C7,C,7,Vårgårda
1443,59.682317,197219,82.011935,64.398658,57.1,23.143268,32.53163114,263.19,819.434712,79.8229555,0.23098442,12.98594848,9460,13364,45.550105,15414,45,59,14.6,0.0696137638090044,175.2742766,2488.576446,28.40466431,43,53,16.5524735,28,87.61154219,A2,A,2,Bollebygd
1444,133.48697,170654,79.370395,51.72144,51.4,22.378717,21.31252834,264.68,1031.909236,107.74155182,0.40816224,13.75576855,1729,7003,41.12746,8244,50,54,18.7,0.052937459016277,175.2742766,2488.576446,28.40466431,43,53,16.5524735,28,87.61154219,B4,B,4,Grästorp
1445,26.392428,167470,78.739612,44.604317,45.5,26.778577,23.4155905,234.63,1016.19949,106.48857328,1.09534807,14.88008721,1190,6295,43.684019,3894,49,NA,20.3,0.0527060435543102,175.2742766,2488.576446,28.40466431,43,53,16.5524735,28,87.61154219,C7,C,7,Essunga
1446,314.932662,169648,80.011792,29.58221,76.7,16.374663,16.64818784,405.87,1410.241231,158.96213882,1.58972768,34.46268657,984,7337,170.489862,12400,50,52,16.3,0,175.2742766,2488.576446,28.40466431,43,53,16.5524735,28,87.61154219,C7,C,7,Karlsborg
1447,-23.143684,155076,70.075188,30.019685,64.8,24.606299,16.57131899,312.89,769.720347,142.43727013,1.13706636,6.57214026,482,4523,182.642237,9650,50,55,26,0,175.2742766,2488.576446,28.40466431,43,53,16.5524735,28,87.61154219,C7,C,7,Gullspång
1452,79.438037,176184,80.770531,33.802817,70,23.86753,15.55573543,741.27,1224.525193,164.69124248,0.99281059,3.70402349,NA,4623,58.104241,11737,47,57,17.5,0.0248151907434561,175.2742766,2488.576446,28.40466431,43,53,16.5524735,28,87.61154219,B5,B,5,Tranemo
1460,9.424084,156780,73.369116,20.152284,68.6,20.812183,10.8162595,882.93,1136.963351,188.99575906,0.72049476,17.84596118,250,6198,177.696335,9051,49,61,27.3,0,175.2742766,2488.576446,28.40466431,43,53,16.5524735,28,87.61154219,C8,C,8,Bengtsfors
1461,254.723347,153806,74.16332,25.684556,55.6,14.457831,17.20588235,516.8,1281.488979,131.81755983,1.1026973900000001,8.18922236,6072,6125,218.061179,12212,49,NA,28,0.0360511879948164,175.2742766,2488.576446,28.40466431,43,53,16.5524735,28,87.61154219,C7,C,7,Mellerud
1462,31.413204,177950,74.608501,50.61772,62.3,22.379103,40.64440502,315.64,1021.279913,62.12093139,1.83358085,20.27155788,4250,10125,64.307428,14609,44,NA,20.3,0.0659341641166146,175.2742766,2488.576446,28.40466431,43,53,16.5524735,28,87.61154219,A2,A,2,Lilla Edet
1463,20.827778,177315,78.21793,35.496931,65,16.912629,36.322841,929.25,1009.925044,75.82545726,0.31364325,14.05374974,7558,10471,48.321630999999996,15790,44,NA,18.8,0.0573751562028877,175.2742766,2488.576446,28.40466431,43,53,16.5524735,28,87.61154219,B4,B,4,Mark
1465,57.481309,169608,76.91458,42.213473,59.9,19.816273,11.1974863,919.76,833.090591,225.68408486,0.49801913,18.06722689,4479,6137,103.213904,12107,49,55,20.8,0.0262876839724061,175.2742766,2488.576446,28.40466431,43,53,16.5524735,28,87.61154219,B4,B,4,Svenljunga
1466,7.871469,165563,76.839127,38.708111,54.5,24.040797,18.63933273,497.55,1101.14298,126.82382715,0.69437497,26.30163511,2847,6794,54.45331,7058,47,NA,20.5,0.03510007141766,175.2742766,2488.576446,28.40466431,43,53,16.5524735,28,87.61154219,B5,B,5,Herrljunga
1470,17.361778,167227,77.410736,32.023121,53.6,25.202312,22.39744013,696.91,1052.790057,113.21963412,0.81108628,9.20308483,2406,5619,42.411429,5622,50,NA,19.9,0.00969759316316233,175.2742766,2488.576446,28.40466431,43,53,16.5524735,28,87.61154219,C7,C,7,Vara
1471,2.225975,171660,77.710145,42.569444,61.3,32.326389,32.20209111,404.57,1169.711391,86.43000414,0.18725815,20.85471395,1441,6933,69.081977,10261,48,NA,19.2,0.090732456579326,175.2742766,2488.576446,28.40466431,43,53,16.5524735,28,87.61154219,C7,C,7,Götene
1472,423.93528,164223,73.745034,41.46789,81,26.100917,48.55736669,221.47,1464.385345,55.36061157,4.4071593,22.58155231,900,6884,63.697229,9828,47,60,21.1,0.0170467470145504,175.2742766,2488.576446,28.40466431,43,53,16.5524735,28,87.61154219,C7,C,7,Tibro
1473,0.55605,163529,74.66443,35.524257,57.6,22.170057,16.68181734,539.03,946.396797,127.81421575,0.5988168,12.80968781,1185,5346,94.63968,8757,49,NA,24.4,0.144532656869236,175.2742766,2488.576446,28.40466431,43,53,16.5524735,28,87.61154219,C7,C,7,Töreboda
1480,1292.717961,189295,71.77871,17.498535,98.9,36.684038,1190.97507593,447.76,1571.126125,4.8989971,1.34733685,77.16722782,26317,27982,5.395006,43536,36,NA,22.7,0.174195764783652,175.2742766,2488.576446,28.40466431,43,53,16.5524735,28,87.61154219,A1,A,1,Göteborg
1481,479.492723,209524,81.167389,61.44547,95.3,77.00507,424.97257268,145.84,1820.516958,9.29599929,2.12312581,53.74621048,19982,26961,6.695924,27403,39,NA,14,0.0682200969257631,175.2742766,2488.576446,28.40466431,43,53,16.5524735,28,87.61154219,A2,A,2,Mölndal
1482,214.847182,198932,83.211175,49.250701,68.9,32.988495,116.13392537,362.59,1052.981548,25.31512363,2.07353571,58.48138291,16204,22812,57.066185,33204,41,NA,13.3,0.048128354022336,175.2742766,2488.576446,28.40466431,43,53,16.5524735,28,87.61154219,A2,A,2,Kungälv
1484,189.574779,172198,77.874934,25.142495,74.6,18.366054,68.93259775,208.45,1495.441576,48.00689411,0.69133789,23.53799139,10955,19117,285.545271,33189,46,NA,18.8,0.00874202458702481,175.2742766,2488.576446,28.40466431,43,53,16.5524735,28,87.61154219,B5,B,5,Lysekil
1485,204.865629,178726,76.396761,25.770123,76.7,29.148725,83.15168812,637.69,1356.171617,33.9144235,0.53446496,39.55263659,8013,15225,67.835926,22648,41,NA,20.2,0.0630599087771408,175.2742766,2488.576446,28.40466431,43,53,16.5524735,28,87.61154219,B5,B,5,Uddevalla
1486,618.269231,184564,74.51992,7.970762,62.3,31.465367,26.69632925,467.48,1550.560897,82.5855895,1.67603343,26.79297447,8419,23802,289.342949,35809,43,NA,27,0.0296813454725144,175.2742766,2488.576446,28.40466431,43,53,16.5524735,28,87.61154219,C9,C,9,Strömstad
1487,476.972892,180364,76.384638,41.528801,79.5,27.967637,58.14376848,642.7,1321.068265,40.7303022,3.07619189,40.06547265,4236,10859,43.886644,13502,44,NA,20.5,0.0670951558760936,175.2742766,2488.576446,28.40466431,43,53,16.5524735,28,87.61154219,B4,B,4,Vänersborg
1488,124.211196,176385,70.529677,26.412227,90.6,40.091193,138.0233239,409.88,934.314956,24.3963622,2.44593632,51.3085906,6061,13734,11.259788,15265,40,NA,23,0.0562740060049527,175.2742766,2488.576446,28.40466431,43,53,16.5524735,28,87.61154219,B3,B,3,Trollhättan
1489,117.998912,185513,79.388174,35.172946,77.7,23.716678,81.81471517,472.03,1451.48761,35.48959901,2.19220265,41.08442219,14013,17421,28.716435,25733,43,59,16.9,0.0411014776708713,175.2742766,2488.576446,28.40466431,43,53,16.5524735,28,87.61154219,A2,A,2,Alingsås
1490,274.862022,180837,75.179005,12.068966,89.6,25.705703,116.49082317,909.9,1386.272937,25.93229949,0.40968663,44.73079308,8298,14083,17.047974,16310,40,58,19.5,0.0783056316938755,175.2742766,2488.576446,28.40466431,43,53,16.5524735,28,87.61154219,B3,B,3,Borås
1491,20.205937,179632,79.774914,32.155009,66.6,11.663516,22.18982429,1046.02,1241.264917,108.55718276,0.99022929,25.72334695,8435,8029,62.513463,11487,47,NA,18.6,0.0393279279552493,175.2742766,2488.576446,28.40466431,43,53,16.5524735,28,87.61154219,B5,B,5,Ulricehamn
1492,164.281626,160154,73.957016,22.668241,79,18.417946,25.41777519,481.12,1224.057568,88.86525317,0.22141748,32.45434444,2733,6358,96.982582,11912,48,NA,25.3,0.0379016076393369,175.2742766,2488.576446,28.40466431,43,53,16.5524735,28,87.61154219,C8,C,8,Åmål
1493,1040.804357,173083,76.25498,28.886719,76.5,19.609375,39.70722781,601.15,1991.453708,65.52372656,2.43448646,32.54258675,3051,9473,55.383326,12776,46,62,20,0.0269328301057419,175.2742766,2488.576446,28.40466431,43,53,16.5524735,28,87.61154219,C6,C,6,Mariestad
1494,65.158536,179075,78.493913,23.582562,75.9,19.426248,55.22347292,695.61,717.446764,47.71054295,2.72812329,60.16000837,4329,13781,48.758265,20585,45,NA,16.3,0.0155007796490132,175.2742766,2488.576446,28.40466431,43,53,16.5524735,28,87.61154219,C6,C,6,Lidköping
1495,598.923574,174618,73.600926,34.574209,74.8,37.518248,43.34538668,428.65,1046.447793,57.42713972,0.51202378,38.27450552,1342,9099,23.627557,10278,46,63,19.5,0.0390258756968038,175.2742766,2488.576446,28.40466431,43,53,16.5524735,28,87.61154219,C7,C,7,Skara
1496,202.463157,184665,76.803003,18.260799,85.2,40.418967,78.46306852,673.68,1229.554097,35.41244246,0.27919437,44.35312374,7959,12568,18.558807,11716,43,58,17.6,0.0402862521264933,175.2742766,2488.576446,28.40466431,43,53,16.5524735,28,87.61154219,C6,C,6,Skövde
1497,127.427598,172034,78.470739,40.819423,73.9,17.248356,29.64247239,297.04,1676.433844,88.67754939,0.10354189,26.57998869,1139,8657,57.921635,8895,50,NA,19.1,0.058659141118964,175.2742766,2488.576446,28.40466431,43,53,16.5524735,28,87.61154219,C7,C,7,Hjo
1498,123.915639,168330,77.287437,31.399074,70.4,12.281951,24.25394742,518.06,990.370076,101.82456498,0.87119827,15.68674315,534,7079,45.602865,6663,47,65,19.9,0.0345449616847887,175.2742766,2488.576446,28.40466431,43,53,16.5524735,28,87.61154219,C7,C,7,Tidaholm
1499,-77.091409,170582,76.538012,24.996463,73,19.366247,30.61111217,1044.98,1025.353257,69.24188333,0.56753252,37.48106539,1640,8052,27.010129,7718,46,55,21.4,0.0652560559712166,175.2742766,2488.576446,28.40466431,43,53,16.5524735,28,87.61154219,C6,C,6,Falköping
1715,219.390347,174352,76.811594,53.440367,72.9,17.163609,32.83017819,359.73,1537.84928,67.92259313,0.23797081,4.12309785,2601,8338,70.956816,10495,46,NA,21.9,0.032098889105324,44.52408598,1624.812373,21.34110424,58,78,12.6024368,12,76.13534686,B4,B,4,Kil
1730,52.931403,159110,67.59388,18.796069,52.3,37.346437,10.27335463,820.18,1644.671256,163.18835485,0.44313856,0.18836826,1541,6737,166.033705,10092,48,50,33.1,0.0195855177237431,44.52408598,1624.812373,21.34110424,58,78,12.6024368,12,76.13534686,C9,C,9,Eda
1737,55.273454,166665,77.377807,10.40153,45.2,21.950287,2.88622096,4162.19,1703.238159,459.58550961,0.30125121,2.90602489,10335,5952,277.1997,12354,50,NA,26.6,0.0308539158948064,44.52408598,1624.812373,21.34110424,58,78,12.6024368,12,76.13534686,C8,C,8,Torsby
1760,19.123699,163249,72.147002,47.661188,60.7,27.812895,10.55253276,391.47,1048.898572,186.36901421,0.28125065,19.13357401,820,4741,224.642944,10626,49,NA,23.9,0.042338882750555,44.52408598,1624.812373,21.34110424,58,78,12.6024368,12,76.13534686,C7,C,7,Storfors
1761,13.874207,204920,81.192661,66.704545,90.7,23.863636,254.00234939,59.59,1417.547569,17.18218196,0.20819073,35.46245269,5237,16884,31.844609,43414,43,68,14.6,0.0109628505593834,44.52408598,1624.812373,21.34110424,58,78,12.6024368,12,76.13534686,B4,B,4,Hammarö
1762,22.702407,152735,72.067039,23.410405,80.8,27.890173,25.82285634,141.58,1821.389497,86.62919483,3.55360492,18.59185919,90,3144,107.221007,5634,50,NA,27.2,0,44.52408598,1624.812373,21.34110424,58,78,12.6024368,12,76.13534686,B5,B,5,Munkfors
1763,200.761601,170113,72.972074,54.031237,81.6,18.826509,32.43150095,348.18,1461.388594,64.17058078,0.18707006,15.69977925,2264,7040,52.072264,10354,47,NA,23.9,0.0531707326617595,44.52408598,1624.812373,21.34110424,58,78,12.6024368,12,76.13534686,B4,B,4,Forshaga
1764,98.487395,160422,70.41841,40.552486,71.5,23.149171,23.09902169,386.38,1510.70028,89.48652532,1.88055368,19.72477064,1013,5659,98.823529,13677,48,NA,23.4,0.0423724795813337,44.52408598,1624.812373,21.34110424,58,78,12.6024368,12,76.13534686,B4,B,4,Grums
1765,-5.827389,161703,70.246343,9.029454,44.5,13.085466,7.06151958,1409.47,1067.316387,233.8139792,0.5389959,11.01308184,3382,9151,228.875716,10047,46,NA,35.7,0.0186454380704102,44.52408598,1624.812373,21.34110424,58,78,12.6024368,12,76.13534686,C8,C,8,Årjäng
1766,70.017677,165877,78.116976,22.894385,47.9,12.533422,10.10084542,1288.11,1272.769195,186.36969818,0.26422183,26.51457348,2805,8317,156.944124,8227,49,NA,23.6,0.0384327508280452,44.52408598,1624.812373,21.34110424,58,78,12.6024368,12,76.13534686,C8,C,8,Sunne
1780,654.534892,183636,75.488161,16.526651,89.3,33.888567,75.08788737,1169.11,2449.51359,32.21250848,2.67186496,62.85605817,12275,14802,22.851024,19244,43,63,20.8,0.0669551381341791,44.52408598,1624.812373,21.34110424,58,78,12.6024368,12,76.13534686,B3,B,3,Karlstad
1781,86.057873,163246,71.064027,30.043095,81.7,15.493536,31.79971319,753.12,1565.368074,73.80346315,0.11823823,36.78621097,1843,7009,73.489499,16319,46,NA,24.1,0.0120308828693685,44.52408598,1624.812373,21.34110424,58,78,12.6024368,12,76.13534686,B5,B,5,Kristinehamn
1782,311.937896,158726,71.883289,13.914748,80.2,15.77658,6.8857845,1534.03,1591.214617,243.00334072,0.2988731,20.015163,448,3731,137.839629,11908,49,NA,25.2,0.0369148775634763,44.52408598,1624.812373,21.34110424,58,78,12.6024368,12,76.13534686,C8,C,8,Filipstad
1783,31.314721,157026,73.680717,16.337673,64.3,9.827803,6.61725607,1824.17,1412.476183,248.07070591,0.67014462,16.61601643,337,4484,185.900091,4922,50,NA,24.1,0.050289859608326,44.52408598,1624.812373,21.34110424,58,78,12.6024368,12,76.13534686,C8,C,8,Hagfors
1784,370.724716,168259,74.835479,19.621038,63.9,9.987604,15.65558561,1649.06,1474.028741,117.7848341,1.52448581,27.45606565,4161,8408,112.484022,13602,47,55,22.5,0.0179255624600284,44.52408598,1624.812373,21.34110424,58,78,12.6024368,12,76.13534686,C8,C,8,Arvika
1785,975.582613,156947,71.830986,22.295515,64.3,15.600264,12.51331116,1220.78,2773.369992,151.61709767,3.83314542,41.37277952,1002,5825,123.199791,13152,50,60,25.3,0,44.52408598,1624.812373,21.34110424,58,78,12.6024368,12,76.13534686,B5,B,5,Säffle
1814,20.441762,181504,80.218069,56.44871,42.2,19.976005,15.7375421,463.16,639.868295,134.08769381,NA,29.35214354,1499,8690,127.589518,11098,48,NA,18.5,0.0368013640981854,43.54204338,1334.939295,28.952428,49,65,9.24089976,13,46.10802572,B4,B,4,Lekeberg
1860,30.46595,159887,73.825018,31.689498,75.7,17.990868,9.26956493,601.97,2388.888889,219.86418047,1.72152467,61.48028093,1380,4226,122.043011,6607,51,NA,17.6,0.0433480670336527,43.54204338,1334.939295,28.952428,49,65,9.24089976,13,46.10802572,B5,B,5,Laxå
1861,121.7659,169244,73.768473,44.126787,76.5,43.629584,23.97794914,636.71,1374.926312,90.29907356,3.028703,67.60619032,3069,7327,60.326194,12598,46,NA,20.4,0.0443183668641352,43.54204338,1334.939295,28.952428,49,65,9.24089976,13,46.10802572,B4,B,4,Hallsberg
1862,119.157895,159776,72.161616,49.73262,81.6,19.625668,24.74087192,383.98,1021.789474,87.55842229,0.95670105,36.95169644,1076,4689,66.947368,9504,47,NA,21.6,0.0103228163390023,43.54204338,1334.939295,28.952428,49,65,9.24089976,13,46.10802572,C7,C,7,Degerfors
1863,5.01289,154785,69.364162,19.025522,75.1,13.843774,7.0886847,984.95,1486.536809,271.10086422,0.03307011,69.24728105,365,3481,183.042108,10477,47,NA,24.2,0.0165422516727339,43.54204338,1334.939295,28.952428,49,65,9.24089976,13,46.10802572,C8,C,8,Hällefors
1864,61.948718,153075,67.394822,31.531532,72.1,19.031532,8.47030615,575.54,1412.717949,235.22663056,0.09303092,59.17355372,157,4019,226.461538,6503,51,NA,25.3,0.0189321545405063,43.54204338,1334.939295,28.952428,49,65,9.24089976,13,46.10802572,C7,C,7,Ljusnarsberg
1880,463.31055,185693,74.799335,13.005701,88.3,20.554251,102.3915814,1373.15,1169.453552,24.81338264,1.61983243,70.97324371,14373,16592,20.206403,13952,40,55,21.6,0.0621255895783501,43.54204338,1334.939295,28.952428,49,65,9.24089976,13,46.10802572,B3,B,3,Örebro
1881,237.944891,181164,76.535627,51.105811,85.4,29.401561,102.38025272,204.18,1109.357061,28.52114323,0.04117616,41.86202921,5244,11367,9.854573,13417,42,60,18.4,0.015047729087601,43.54204338,1334.939295,28.952428,49,65,9.24089976,13,46.10802572,B4,B,4,Kumla
1882,61.553713,169622,78.112943,33.660532,60.9,11.492843,13.59820586,815.99,1168.5292,166.98370764,NA,50.66243194,3382,7876,182.498198,13085,50,NA,18.5,0.0582210966789957,43.54204338,1334.939295,28.952428,49,65,9.24089976,13,46.10802572,B5,B,5,Askersund
1883,157.46098,170476,74.61087,15.306122,91.3,31.503077,63.49016509,468.23,1313.038213,40.49759937,NA,61.20032386,2351,7189,20.923036,13499,44,NA,18.9,0.0241679454000807,43.54204338,1334.939295,28.952428,49,65,9.24089976,13,46.10802572,C6,C,6,Karlskoga
1884,0.769305,173044,76.091703,37.831858,76.6,13.318584,16.81352973,618.49,1086.258294,123.68864218,0.00589427,66.82116647,2315,8446,107.606501,13039,48,58,20.6,0.0296004646455771,43.54204338,1334.939295,28.952428,49,65,9.24089976,13,46.10802572,B4,B,4,Nora
1885,41.422161,172481,75.077678,21.489104,72.8,22.397094,16.82358321,1377.59,942.613048,122.61314795,6.4329e-4,18.87506525,2567,6570,83.10321,8718,47,NA,21.5,0.0310625976203614,43.54204338,1334.939295,28.952428,49,65,9.24089976,13,46.10802572,B5,B,5,Lindesberg
1904,9.068238,161463,72.914798,36.746303,61.1,18.657565,6.68911029,659.43,815.688053,255.5690535,1.20736798,9.65909091,322,4486,270.460213,10675,50,54,20.6,0.055042708087767,37.00138566,1158.715943,32.75892175,46,68,13.52493725,12,35.37100373,C7,C,7,Skinnskatteberg
1907,92.739475,166006,73.312278,45.607763,92.1,16.649642,28.60300748,343.81,1541.387025,65.51546604,NA,10.38632686,965,7800,40.878585,14152,46,NA,19.3,0.0272188061995796,37.00138566,1158.715943,32.75892175,46,68,13.52493725,12,35.37100373,B4,B,4,Surahammar
1960,8.685015,171791,73.860465,49.327878,76,20.338983,40.34048853,202.65,1183.730887,65.3196208,0.58840753,28.16550349,3079,7600,38.654434,15028,46,59,19.8,0.0954059661883614,37.00138566,1158.715943,32.75892175,46,68,13.52493725,12,35.37100373,C7,C,7,Kungsör
1961,14.880186,169550,72.910027,44.500954,88.1,25.651621,91.54921271,169.57,1776.024221,31.83731777,NA,39.93354183,1778,9756,10.950786,11844,43,60,21.4,0.0309781481679002,37.00138566,1158.715943,32.75892175,46,68,13.52493725,12,35.37100373,B4,B,4,Hallstahammar
1962,0,165802,72.289973,50.918635,78.9,19.335083,13.42269028,417.8,1293.865906,140.53282054,NA,17.8527063,700,5459,99.14408,9864,48,56,20.9,0.0137107505220793,37.00138566,1158.715943,32.75892175,46,68,13.52493725,12,35.37100373,C7,C,7,Norberg
1980,397.351739,186759,73.870697,12.973332,93.3,17.879852,148.20441701,959.02,1375.118728,17.3321502,2.98281368,75.01405624,11626,16685,15.900824,18834,41,58,19.4,0.0602536757403762,37.00138566,1158.715943,32.75892175,46,68,13.52493725,12,35.37100373,B3,B,3,Västerås
1981,-18.604438,169516,75.852798,34.605861,68.7,15.497317,18.65621117,1166.85,1171.436446,100.03500257,0.35803788,25.30924253,6971,10549,78.460196,11177,47,NA,21.2,0.0476037132470295,37.00138566,1158.715943,32.75892175,46,68,13.52493725,12,35.37100373,B5,B,5,Sala
1982,-1.631448,171202,71.758703,17.242734,89.4,35.860173,47.84418674,269.04,1721.100062,45.49820136,NA,45.24582377,703,5844,60.441268,12624,44,NA,20.9,0.0274610010143038,37.00138566,1158.715943,32.75892175,46,68,13.52493725,12,35.37100373,C7,C,7,Fagersta
1983,40.020605,167557,72.472487,24.156982,82.9,24.633263,41.74509966,604.55,1180.290843,49.95477577,2.85700222,79.46313587,2801,9880,46.439751,12750,43,NA,20.9,0.0202921521744933,37.00138566,1158.715943,32.75892175,46,68,13.52493725,12,35.37100373,B5,B,5,Köping
1984,4.817313,167872,72.98066,33.925335,81.5,26.132657,41.46206557,325.43,2078.633365,62.72517469,0.26641349,45.74252977,1111,8504,51.656414,11758,46,62,21.4,0.0206781871667334,37.00138566,1158.715943,32.75892175,46,68,13.52493725,12,35.37100373,C7,C,7,Arboga
2021,0.148588,152950,78.453365,12.561061,60.5,9.211445,4.37135044,1539.57,1116.493314,377.67153432,0.23264743,8.40831981,577,4100,272.213967,4562,48,NA,25.4,0.0708407308230311,35.58378347,1175.774926,20.50943396,44,63,21.99949686,10,57.32849226,C8,C,8,Vansbro
2023,51.088361,170201,80.490566,9.814895,73,17.4774,2.46287692,4085.06,1031.408409,449.80761077,1.35586256,1.66011788,9587,6919,668.720803,22062,50,60,22.4,0.0177897184284663,35.58378347,1175.774926,20.50943396,44,63,21.99949686,10,57.32849226,C9,C,9,Malung-Sälen
2026,45.495361,175647,80.906646,45.598592,73.4,14.43662,13.06524148,767.15,705.07832,143.47490981,0.36629949,3.86391008,3464,7672,248.528385,10895,46,NA,19.3,0,35.58378347,1175.774926,20.50943396,44,63,21.99949686,10,57.32849226,B4,B,4,Gagnef
2029,165.863957,175089,80.311401,26.263203,75.7,21.210391,12.4112575,1221.23,2379.296695,142.53283856,0.12800246,14.30637738,6387,12644,254.271954,16039,47,57,17.9,0.0166034373048661,35.58378347,1175.774926,20.50943396,44,63,21.99949686,10,57.32849226,C9,C,9,Leksand
2031,56.474085,161881,77.777778,29.991431,68.1,16.923736,5.60536482,1920.66,1071.707226,265.48931386,NA,20.84298286,5992,9997,259.149173,13387,49,56,20.4,0.0451421507478093,35.58378347,1175.774926,20.50943396,44,63,21.99949686,10,57.32849226,C9,C,9,Rättvik
2034,-77.237553,159020,72.958356,42.140921,80.9,17.886179,3.95701534,1730.85,986.713389,304.3199946,0.40303739,18.16186155,3776,7878,222.514236,13217,48,NA,26.7,0.0295380549527139,35.58378347,1175.774926,20.50943396,44,63,21.99949686,10,57.32849226,C9,C,9,Orsa
2039,33.680947,162224,78.302417,18.745875,69.8,8.976898,1.03266968,6871.51,1127.959414,679.3982018,NA,0.19613337,8227,6095,650.789177,13382,47,NA,24.8,0.0632771386688093,35.58378347,1175.774926,20.50943396,44,63,21.99949686,10,57.32849226,C9,C,9,Älvdalen
2061,32.92489,166782,77.03624,47.932085,68.1,12.668698,11.27837792,947.92,1442.98943,185.02545384,NA,17.97178298,1456,6140,183.144701,12151,47,NA,18,0.00725795039892269,35.58378347,1175.774926,20.50943396,44,63,21.99949686,10,57.32849226,C7,C,7,Smedjebacken
2062,32.153215,177372,81.064653,13.854538,84.6,21.819325,7.11024831,2812.56,1142.814281,206.57163221,2.05131319,28.74570532,6711,10054,232.173217,11770,46,NA,18.9,0.0326342632628037,35.58378347,1175.774926,20.50943396,44,63,21.99949686,10,57.32849226,C8,C,8,Mora
2080,195.465675,188260,78.879257,17.401255,82.8,25.485419,27.82518761,2040.13,1635.950464,68.96445068,2.62659503,49.23303364,11146,13341,65.125865,16867,44,NA,19.2,0.0345978614176617,35.58378347,1175.774926,20.50943396,44,63,21.99949686,10,57.32849226,C6,C,6,Falun
2081,83.121764,177831,73.612913,22.754546,90.4,33.499492,85.67489338,583.87,1264.658257,29.55949951,3.20085769,53.61788946,8037,13254,34.584091,12643,42,NA,22.9,0.0271322829144562,35.58378347,1175.774926,20.50943396,44,63,21.99949686,10,57.32849226,B3,B,3,Borlänge
2082,61.620528,180443,81.126858,48.907429,62.1,23.003576,19.06440131,570.33,1136.576842,118.88693801,1.36047881,15.21378548,1827,8678,135.565161,10970,47,NA,17.9,0.0249640051015683,35.58378347,1175.774926,20.50943396,44,63,21.99949686,10,57.32849226,B4,B,4,Säter
2083,78.956128,166848,75.442975,27.230339,72.1,23.064967,17.98706742,835.1,1469.409493,121.1711657,NA,25.78311654,2339,6691,110.245656,8965,48,NA,21.4,0,35.58378347,1175.774926,20.50943396,44,63,21.99949686,10,57.32849226,C7,C,7,Hedemora
2084,103.975535,170407,74.420616,19.025775,79.2,15.923984,35.19282511,613.25,1278.241127,64.29562561,0.29614764,36.63592323,1958,7307,67.000278,9283,46,61,18.5,0.0190558590849082,35.58378347,1175.774926,20.50943396,44,63,21.99949686,10,57.32849226,C6,C,6,Avesta
2085,87.04107,167053,74.009791,13.022904,88.1,20.461859,17.251513,1490.42,1269.640635,107.42707755,2.92954772,33.2750243,3531,6590,89.646857,11265,45,NA,19.7,0.0234084064425391,35.58378347,1175.774926,20.50943396,44,63,21.99949686,10,57.32849226,C8,C,8,Ludvika
2101,6.741573,165322,78.127046000000007,29.733959,61.5,13.302034,5.4320779,1064.97,700.432152,302.08260553,NA,15.37803626,3014,5788,205.185825,4636,50,52,22,0.0335901009413405,50.17246447,1202.690938,14.83852641,53,67,9.5593431,15,81.05191208,B5,B,5,Ockelbo
2104,285.564084,169353,75,22.187982,77.8,15.921931,23.20095624,409.94,1863.211019,97.01939476,2.5954697,32.67513917,874,5477,87.372516,11565,45,55,19.4,0.039048315689582,50.17246447,1202.690938,14.83852641,53,67,9.5593431,15,81.05191208,B5,B,5,Hofors
2121,70.2836,163211,77.565217,22.226873,63.4,11.00879,6.06092958,1873.31,1519.816805,276.20687661,0.02331722,31.44587832,2118,4984,141.976396,7721,49,NA,21,0.0150190335684478,50.17246447,1202.690938,14.83852641,53,67,9.5593431,15,81.05191208,C8,C,8,Ovanåker
2132,22.126225,160196,75.606746,32.585949,47.9,11.659193,6.92450242,1370.64,451.374987,230.71185902,NA,8.52916492,NA,4507,256.348119,13578,49,56,24.1,0.0670704186461978,50.17246447,1202.690938,14.83852641,53,67,9.5593431,15,81.05191208,C7,C,7,Nordanstig
2161,105.963763,164984,77.645855,11.687682,58.5,8.753637,3.60130881,5256.7,1338.175479,406.96518150000003,NA,21.52917505,4075,6534,196.714384,10285,47,NA,22.8,0.0544613186885123,50.17246447,1202.690938,14.83852641,53,67,9.5593431,15,81.05191208,C8,C,8,Ljusdal
2180,229.678308,182990,74.102959,13.723961,92.5,18.238965,60.26887819,1613.37,1805.133901,34.92153465,2.59822446,63.60072784,10639,14274,33.423835,20055,41,56,20.3,0.057113896304375,50.17246447,1202.690938,14.83852641,53,67,9.5593431,15,81.05191208,B3,B,3,Gävle
2181,71.57047,172743,72.650771,26.315104,85.3,22.565104,31.93587106,1166.4,1181.073826,65.21632344,0.08372647,48.05219314,4175,8957,60.832215,15191,43,59,19.9,0.0573992641961207,50.17246447,1202.690938,14.83852641,53,67,9.5593431,15,81.05191208,B5,B,5,Sandviken
2182,119.173021,164180,72.468307,14.94408,76.2,13.266487,23.98446412,1060.77,1443.164846,93.46473469,1.80805049,37.83890915,3565,6144,140.633598,13179,47,58,20.5,0.042282900646267,50.17246447,1202.690938,14.83852641,53,67,9.5593431,15,81.05191208,C8,C,8,Söderhamn
2183,99.345855,169473,74.996387,16.589203,67.5,17.572399,14.40791468,1814.35,1716.996289,127.79589434,2.26224702,39.72246646,4688,6653,106.958418,11622,47,NA,22.2,0.0385569337608371,50.17246447,1202.690938,14.83852641,53,67,9.5593431,15,81.05191208,C8,C,8,Bollnäs
2184,165.304515,176278,77.090909,11.320525,69.3,12.354086,14.79735947,2488.89,1483.939287,117.03919143,1.70388453,46.4861047,7038,9693,127.236688,15193,45,NA,20.3,0.0547816447248112,50.17246447,1202.690938,14.83852641,53,67,9.5593431,15,81.05191208,C6,C,6,Hudiksvall
2260,12.463343,162120,75.154258,15.179022,60.1,8.673727,3.12909653,3051.36,861.855886,445.78941412,0.17571573,19.71098867,461,2609,177.943025,2640,51,61,21.3,0.037821295368942,41.72372696,1376.232676,20.70086127,44,63,9.74059463,9,66.48190423,C8,C,8,Ånge
2262,222.898904,180187,76.4399,54.354508,80.8,16.880123,23.05885357,783.3,1888.218359,78.68206937,1.68562086,46.89931096,1906,7472,70.867014,11617,42,NA,19.6,0.0582790099401975,41.72372696,1376.232676,20.70086127,44,63,9.74059463,9,66.48190423,B4,B,4,Timrå
2280,57.61149,175552,75.951504,15.955647,78.4,18.643112,23.15752674,1058.36,2278.34673,77.43049904,2.00402096,46.90791361,2443,6152,106.08348,12223,47,70,22.5,0.0254337892078913,41.72372696,1376.232676,20.70086127,44,63,9.74059463,9,66.48190423,C6,C,6,Härnösand
2281,359.638268,190595,77.943286,8.489183,84.1,14.886056,30.4043441,3189.61,2048.536782,57.19830651,1.92288556,62.72970765,6731,11564,56.682959,14861,42,58,18.3,0.0662132406583718,41.72372696,1376.232676,20.70086127,44,63,9.74059463,9,66.48190423,B3,B,3,Sundsvall
2282,35.718157,164419,75.317683,14.240339,65.2,12.440445,10.8864972,1694.76,1420.271003,159.88386444,0.21535471,2.30158301,1504,3385,233.98374,9765,51,NA,22.1,0.0344354458526406,41.72372696,1376.232676,20.70086127,44,63,9.74059463,9,66.48190423,C8,C,8,Kramfors
2283,41.889619,165445,77.004599,8.975586,62.8,9.358545,3.6353565,5397.82,1011.364215,365.4170529,NA,35.50445705,967,3528,156.245222,4384,49,NA,22.4,0.0114256740769037,41.72372696,1376.232676,20.70086127,44,63,9.74059463,9,66.48190423,C8,C,8,Sollefteå
2284,367.839086,174487,79.300593,6.239857,73.3,3.229471,8.62328,6376.46,1959.807951,163.1654218,1.01024782,37.38728912,8873,7329,92.823628,16615,47,NA,17.1,0.0208843248235347,41.72372696,1376.232676,20.70086127,44,63,9.74059463,9,66.48190423,C6,C,6,Örnsköldsvik
2303,13.008428,155960,76.247208,16.637011,44.9,13.078292,2.17351482,2511.14,772.260901,635.79412679,NA,1.09689214,NA,2930,235.617442,4554,51,NA,25,0.0140707409346888,41.58915864,1310.245847,10.18376066,NA,NA,6.08971617,NA,128.6603142,C8,C,8,Ragunda
2305,88.275652,163577,77.340824,26.039387,46.7,10.86798,1.92447626,3408.2,1053.81918,724.07729761,NA,7.94891059,342,3605,322.305229,5185,51,NA,25.1,0.0340901446292849,41.58915864,1310.245847,10.18376066,NA,NA,6.08971617,NA,128.6603142,B5,B,5,Bräcke
2309,23.560746,187184,82.85865,47.368421,50.4,15.087719,2.37897186,6155.18,484.190398,359.58145681,0.29169128,33.82716049,2978,10974,192.993239,8883,46,NA,20.8,0.0216735236262607,41.58915864,1310.245847,10.18376066,NA,NA,6.08971617,NA,128.6603142,B4,B,4,Krokom
2313,75.684246,163460,77.785373,10.147823,55.7,6.592089,1.14514175,10465.08,1092.706943,730.72115896,0.28210285,13.37674112,402,3710,283.294393,6152,49,NA,24.6,0.0494647750651072,41.58915864,1310.245847,10.18376066,NA,NA,6.08971617,NA,128.6603142,C8,C,8,Strömsund
2321,61.516315,180326,80.556487,20.605355,49.3,15.133877,1.44733278,7199.45,1483.78119,342.74385931,NA,19.13319239,13354,12778,494.817658,21587,44,NA,23,0.00585418955689037,41.58915864,1310.245847,10.18376066,NA,NA,6.08971617,NA,128.6603142,C9,C,9,Åre
2326,20.670391,164361,80.318544,24.137931,31,14.733542,1.25364625,5711.34,132.821229,595.07664455,NA,14.27780852,13396,5510,579.888268,12050,49,49,24,0.0186014570897233,41.58915864,1310.245847,10.18376066,NA,NA,6.08971617,NA,128.6603142,B5,B,5,Berg
2361,304.347826,166281,82.078431,7.815892,60.3,10.811984,0.91094355,11286.1,1741.659372,879.88658,NA,12.14132344,1981,5792,797.587783,18948,48,NA,22.6,0.0175052878555194,41.58915864,1310.245847,10.18376066,NA,NA,6.08971617,NA,128.6603142,C9,C,9,Härjedalen
2380,359.797185,184453,78.358294,9.142586,85.1,19.963457,27.15017366,2208.31,1354.209754,57.69573039,0.03634196,68.12749004,9421,15060,30.605778,16382,43,NA,18.9,0.0475275326053969,41.58915864,1310.245847,10.18376066,NA,NA,6.08971617,NA,128.6603142,B3,B,3,Östersund
2401,8.564088,167016,77.997738,33.710859,52.9,16.922052,5.69862211,1229.42,1153.011704,278.22373594,NA,53.11656964,1206,4426,231.515844,11121,50,NA,20.9,0,43.40399632,1146.894819,13.42183578,53,69,10.72660452,12,85.44992187,B4,B,4,Nordmaling
2403,376.436782,154494,76.181818,30.277186,39.3,14.712154,1.86416683,1306.75,1360.426929,733.33389122,0.20975426,49.15324246,NA,2825,201.559934,NA,50,NA,25.2,0,43.40399632,1146.894819,13.42183578,53,69,10.72660452,12,85.44992187,B4,B,4,Bjurholm
2404,50.711078,161599,79.029851,22.212766,59.9,16.851064,2.03242602,2629.37,2228.480539,657.55152133,0.00886976,61.32689091,1272,3321,195.546407,NA,52,NA,20.4,0.0533060151092506,43.40399632,1146.894819,13.42183578,53,69,10.72660452,12,85.44992187,B5,B,5,Vindeln
2409,12.021371,172149,80.138169,33.833116,45.6,12.190352,5.21432275,1292.21,1360.937964,268.34609647,NA,46.6875093,434,4129,255.862274,15459,50,66,20.4,0.0177897214878527,43.40399632,1146.894819,13.42183578,53,69,10.72660452,12,85.44992187,B5,B,5,Robertsfors
2417,502.994012,162287,77.842566,14.874142,56.8,13.272311,2.40018397,1739.45,1799.281437,569.1637691,NA,58.38926174,826,2555,211.257485,NA,49,51,21.1,0,43.40399632,1146.894819,13.42183578,53,69,10.72660452,12,85.44992187,C8,C,8,Norsjö
2418,359.429477,168644,83.141762,14.88178,62.6,8.344924,1.97316989,1598.95,1096.988906,505.9118767,NA,71.46433041,406,2968,113.153724,3333,47,NA,20.3,0,43.40399632,1146.894819,13.42183578,53,69,10.72660452,12,85.44992187,C8,C,8,Malå
2421,41.316762,162926,81.212121,11.374046,56.5,6.870229,0.81522223,7303.53,1364.628821,654.93245801,NA,50.11655012,970,5970,614.712798,16624,47,NA,22,0.0272474232342661,43.40399632,1146.894819,13.42183578,53,69,10.72660452,12,85.44992187,C9,C,9,Storuman
2422,287.861272,162749,82.839314,13.089005,46.7,9.947644,0.35217767,7368.44,1226.204239,1074.57025703,NA,37.16216216,96,2762,368.786127,8946,46,NA,24.7,0,43.40399632,1146.894819,13.42183578,53,69,10.72660452,12,85.44992187,C8,C,8,Sorsele
2425,93.942691,158555,80.599369,10.431655,53.6,11.330935,0.99713554,2764.92,1044.976424,722.42051904,NA,18.49731664,NA,3094,361.262242,6538,48,NA,20.6,0,43.40399632,1146.894819,13.42183578,53,69,10.72660452,12,85.44992187,C8,C,8,Dorotea
2460,0,175057,80.539835,43.419062,67.4,17.750883,16.20993786,529.49,1158.802284,97.50303613,0.02160461,79.50887087,1444,7543,63.73063,6089,46,NA,19.3,0.0356471492896413,43.40399632,1146.894819,13.42183578,53,69,10.72660452,12,85.44992187,B4,B,4,Vännäs
2462,128.502977,162167,76.561605,10.314208,51.3,5.396175,0.85575438,8047.87,1054.450414,569.97701408,NA,25.45742688,1015,3916,399.738638,11348,44,NA,26.3,0.0525175175506241,43.40399632,1146.894819,13.42183578,53,69,10.72660452,12,85.44992187,C8,C,8,Vilhelmina
2463,27.826087,155191,76.52439,12.204007,66.2,6.921676,0.68066831,4223.79,1374.26087,1581.03042157,0.63403134,48.03921569,NA,2255,253.913043,4482,54,NA,25,0,43.40399632,1146.894819,13.42183578,53,69,10.72660452,12,85.44992187,C8,C,8,Åsele
2480,67.571336,188440,74.937447,7.062578,88.4,11.252949,51.08714889,2316.61,1596.54074,36.32130051,0.00494903,80.9164471,14123,16939,41.631108,21015,41,58,19.4,0.0458018866897923,43.40399632,1146.894819,13.42183578,53,69,10.72660452,12,85.44992187,B3,B,3,Umeå
2481,291.605542,172572,80.04911,8.511384,72.5,11.418564,2.22343431,5518.49,1709.616952,485.71487359,0.0158497,69.07133026,1801,6290,115.158924,10197,45,NA,18.9,0.0262352778496606,43.40399632,1146.894819,13.42183578,53,69,10.72660452,12,85.44992187,C8,C,8,Lycksele
2482,679.988331,179059,79.35143,5.146746,79.4,4.059063,10.58203547,6802.85,2343.390565,139.72502487,0.10750224,80.92431589,6168,8065,100.072234,14938,45,48,17.3,0.0416030125676489,43.40399632,1146.894819,13.42183578,53,69,10.72660452,12,85.44992187,C6,C,6,Skellefteå
2505,11.435636,173700,80.569007,9.937457,78.7,11.04934,1.14410084,5655.97,1232.88518,755.36195348,0.64009849,66.83160662,2052,4991,207.695874,4274,47,NA,16.5,0.048659816598537,32.97508598,1031.827804,13.18202342,62,83,7.38411379,10,78.27537324,C8,C,8,Arvidsjaur
2506,-25.503356,171120,84.441489,10.760402,62.5,14.20373,0.23732218,12556.77,1119.798658,864.15668188,0.40273647,17.1727065,1168,6661,389.597315,16904,46,NA,19.2,0,32.97508598,1031.827804,13.18202342,62,83,7.38411379,10,78.27537324,C9,C,9,Arjeplog
2510,3.750493,173195,82.134915,12.086093,74.4,7.533113,0.2876069,17614.32,930.911962,928.04654816,NA,59.38606848,243,4013,243.584682,4743,45,50,21.2,0,32.97508598,1031.827804,13.18202342,62,83,7.38411379,10,78.27537324,C8,C,8,Jokkmokk
2513,52.677532,163904,80.57554,10.176391,46.4,10.854817,1.24288758,2764.53,1180.733411,749.5945943,NA,14.36748712,NA,2705,252.328289,2477,51,63,19.7,0.0230934652040988,32.97508598,1031.827804,13.18202342,62,83,7.38411379,10,78.27537324,C8,C,8,Överkalix
2514,88.240679,173930,77.436518,12.539913,79.7,8.040639,9.06526081,1807.67,1449.197535,151.79650998,NA,14.9149876,1376,3698,152.9261,8516,47,NA,18.7,0.0596678854078596,32.97508598,1031.827804,13.18202342,62,83,7.38411379,10,78.27537324,C8,C,8,Kalix
2518,89.827989,169123,74.908425,13.442623,52.7,8.087432,1.99359037,2362.07,1633.255468,453.84014653,0.01980785,27.09163347,1935,3200,188.787428,3194,48,47,22.9,0,32.97508598,1031.827804,13.18202342,62,83,7.38411379,10,78.27537324,C8,C,8,Övertorneå
2521,174.313383,163028,79.501779,9.414557,48.7,7.278481,0.80342441,7840.19,1959.834894,767.48459009,0.90304566,56.57643312,NA,5170,331.163677,1948,47,NA,19.1,0.0426565903560332,32.97508598,1031.827804,13.18202342,62,83,7.38411379,10,78.27537324,C8,C,8,Pajala
2523,104.095098,193542,83.120826,5.861136,85.3,6.807935,1.16770613,15705.15,1752.167512,265.74862359,0.00225419,24.93173129,5911,9773,101.913954,13017,44,29,11.9,0.0138212884030066,32.97508598,1031.827804,13.18202342,62,83,7.38411379,10,78.27537324,C8,C,8,Gällivare
2560,0,161388,76.017233,14.144928,72.8,12.753623,4.81025182,1698.04,1531.58668,260.58438112,NA,25.16766248,2099,3988,102.595495,9630,46,NA,20.1,0.0344584438292715,32.97508598,1031.827804,13.18202342,62,83,7.38411379,10,78.27537324,B5,B,5,Älvsbyn
2580,390.96348,190879,77.906709,8.687636,88.9,19.218951,35.9964282,2094.18,2154.199223,42.05012811,0.07673256,64.80789256,14406,14997,57.891036,18508,42,48,17.3,0.0678536707489687,32.97508598,1031.827804,13.18202342,62,83,7.38411379,10,78.27537324,B3,B,3,Luleå
2581,179.635641,178956,77.365102,15.135821,82.2,5.601945,13.37177473,3086.95,1872.30486,96.60738362,0.02905158,69.54140499,5086,7780,85.687291,16429,45,61,15.8,0.0243557365997463,32.97508598,1031.827804,13.18202342,62,83,7.38411379,10,78.27537324,C6,C,6,Piteå
2582,103.599397,180958,78.409696,28.96063,83.9,11.732283,6.9458514,4007.86,1262.231482,166.05178673,3.95253036,47.54484508,4590,7347,79.387887,8630,45,58,18.3,0.0630146139679882,32.97508598,1031.827804,13.18202342,62,83,7.38411379,10,78.27537324,B5,B,5,Boden
2583,51.385798,160490,68.75735,10.64396,76.9,9.260245,10.71351164,922.76,2049.767348,103.02090168,0.31109995,32.19191919,1852,6481,117.742262,11679,44,NA,26.2,0,32.97508598,1031.827804,13.18202342,62,83,7.38411379,10,78.27537324,C8,C,8,Haparanda
2584,0.47422,206297,85.78055,4.018012,90.4,7.758919,1.21189133,19140.33,108.208312,115.42295215,0.01921451,46.87880898,7078,12107,96.352819,19064,40,NA,11.6,0.0563784826193226,32.97508598,1031.827804,13.18202342,62,83,7.38411379,10,78.27537324,C6,C,6,Kiruna
